x_mm,relative_change_1.0e+04,relative_change_3.0e+04,relative_change_5.0e+04,relative_change_6.0e+04,relative_change_8.0e+04,relative_change_1.0e+05
2.000000,-15.542462,-40.716258,-59.538355,-66.760198,-77.700619,-85.104579
2.303030,-14.472015,-38.897970,-57.933704,-65.357569,-76.694273,-84.411903
2.606061,-13.239360,-36.742193,-55.998619,-63.657973,-75.468240,-83.565984
2.909091,-11.848449,-34.218455,-53.685536,-61.614262,-73.983930,-82.538720
3.212121,-10.304811,-31.291563,-50.935059,-59.166447,-72.191241,-81.293297
3.515152,-8.615978,-27.921680,-47.673209,-56.238126,-70.024781,-79.781141
3.818182,-6.791951,-24.064749,-43.807977,-52.731683,-67.398502,-77.937492
4.121212,-4.845698,-19.673494,-39.225064,-48.521854,-64.197991,-75.674857
4.424242,-2.793654,-14.699333,-33.782801,-43.447134,-60.269202,-72.873133
4.727273,-0.656188,-9.095661,-27.306387,-37.298367,-55.401778,-69.364334
5.030303,1.542009,-2.823112,-19.582093,-29.803917,-49.303915,-64.908363
5.333333,3.771679,4.142464,-10.352960,-20.611126,-41.563967,-59.153428
5.636364,5.998962,11.798571,0.680571,-9.265124,-31.591104,-51.569209
5.939394,8.185643,20.100680,13.848250,4.810381,-18.523302,-41.330000
6.242424,10.289765,28.943126,29.473208,22.316860,-1.086855,-27.102651
6.545455,12.266639,38.138141,47.790009,44.036526,22.605308,-6.648159
6.848485,14.070288,47.397358,68.789732,70.670391,55.288936,23.942650
7.151515,15.655282,56.323319,91.970871,102.438768,100.609092,71.671696
7.454545,16.978883,64.420969,116.022930,138.313837,162.211247,148.709993
7.757576,18.003329,71.138214,138.589215,174.963492,239.875637,271.578545
8.060606,18.698078,75.937793,156.408893,206.147842,321.016219,439.864421
8.363636,19.041753,78.389615,166.122886,224.041141,375.219014,580.362153
8.666667,19.023578,78.258631,165.592851,223.047935,372.047259,571.447762
8.969697,18.644128,75.557662,154.941191,203.500393,313.501643,422.279045
9.272727,17.915283,70.544441,136.487796,171.420295,231.601505,256.883512
9.575758,16.859411,63.664046,113.637217,134.613789,155.262208,139.214285
9.878788,15.507872,55.459196,89.584176,99.045713,95.394168,65.830054
10.181818,13.899026,46.479031,66.578055,67.772990,51.517877,20.261163
10.484848,12.075985,37.210141,45.834564,41.653045,19.884204,-9.067028
10.787879,10.084326,28.039180,27.792193,20.389697,-3.074971,-28.758898
11.090909,7.969972,19.243836,12.425907,3.260912,-20.001611,-42.506018
11.393939,5.777398,11.002745,-0.513254,-10.512030,-32.710767,-52.430412
11.696970,3.548226,3.414519,-11.351824,-21.618895,-42.426936,-59.800667
12.000000,1.320254,-3.481320,-20.417652,-30.623239,-49.979636,-65.405488
12.303030,-0.873110,-9.685566,-28.006327,-37.968749,-55.938289,-69.753162
12.606061,-3.003071,-15.224344,-34.370393,-43.999052,-60.700310,-73.181885
12.909091,-5.045384,-20.138051,-39.719449,-48.978761,-64.547897,-75.923084
13.212121,-6.980093,-24.473688,-44.224713,-53.111661,-67.684816,-78.139051
13.515152,-8.791132,-28.279829,-48.024869,-56.555171,-70.260506,-79.946053
13.818182,-10.465851,-31.603494,-51.231769,-59.431443,-72.386109,-81.428931
14.121212,-11.994518,-34.488353,-53.935443,-61.835712,-74.145306,-82.650576
14.424242,-13.369823,-36.973789,-56.208267,-63.842549,-75.601749,-83.658213
14.727273,-14.586413,-39.094523,-58.108344,-65.510513,-76.804241,-84.487666
15.030303,-15.640471,-40.880559,-59.682179,-66.885629,-77.790381,-85.166295
15.333333,-16.529347,-42.357321,-60.966789,-68.003987,-78.589177,-85.715055
15.636364,-17.251242,-43.545871,-61.991338,-68.893678,-79.222907,-86.149949
15.939394,-17.804944,-44.463155,-62.778395,-69.576232,-79.708474,-86.483064
16.242424,-18.189624,-45.122241,-63.344883,-70.067683,-80.058373,-86.723307
16.545455,-18.404664,-45.532518,-63.702773,-70.379329,-80.281372,-86.876923
16.848485,-18.449549,-45.699851,-63.859571,-70.518256,-80.382980,-86.947838
17.151515,-18.323791,-45.626684,-63.818616,-70.487662,-80.365725,-86.937874
17.454545,-18.026892,-45.312072,-63.579214,-70.286999,-80.229286,-86.846849
17.757576,-17.558360,-44.751671,-63.136616,-69.911956,-79.970480,-86.672563
18.060606,-16.917751,-43.937651,-62.481829,-69.354266,-79.583104,-86.410690
18.363636,-16.104768,-42.858554,-61.601266,-68.601335,-79.057616,-86.054541
18.666667,-15.119392,-41.499105,-60.476192,-67.635665,-78.380641,-85.594701
18.969697,-13.962072,-39.839960,-59.081961,-66.434015,-77.534233,-85.018476
19.272727,-12.633964,-37.857431,-57.386974,-64.966263,-76.494852,-84.309130
19.575758,-11.137225,-35.523197,-55.351309,-63.193849,-75.231931,-83.444795
19.878788,-9.475364,-32.804045,-52.924951,-61.067694,-73.705898,-82.396945
20.181818,-7.653660,-29.661711,-50.045500,-58.525411,-71.865416,-81.128249
20.484848,-5.679629,-26.052921,-46.635273,-55.487568,-69.643513,-79.589483
20.787879,-3.563539,-21.929793,-42.597644,-51.852681,-66.952094,-77.715066
21.090909,-1.318962,-17.240848,-37.812517,-47.490483,-63.674039,-75.416454
21.393939,1.036675,-11.932966,-32.130900,-42.232927,-59.651682,-72.572178
21.696970,3.481571,-5.954791,-25.368705,-35.862204,-54.669713,-69.012460
22.000000,5.989115,0.737785,-17.300400,-28.095112,-48.429441,-64.494829
22.303030,8.527608,8.173281,-7.654056,-18.563387,-40.509423,-58.664314
22.606061,11.060207,16.352622,3.888749,-6.790904,-30.304547,-50.986316
22.909091,13.545188,25.232913,17.681208,7.827754,-16.931349,-40.629348
23.212121,15.936586,34.707214,34.074801,26.034110,0.917285,-26.252424
23.515152,18.185290,44.582132,53.336683,48.665263,25.183139,-5.605628
23.818182,20.240605,54.557671,75.491718,76.496040,58.697843,25.238043
24.121212,22.052239,64.217118,100.065281,109.840488,105.289222,73.327780
24.424242,23.572652,73.037380,125.749366,147.770948,168.974563,151.051710
24.727273,24.759560,80.429595,150.134438,187.006175,250.247791,276.050769
25.030303,25.578416,85.813115,169.812282,221.176193,337.416183,451.979390
25.333333,26.004590,88.712628,181.163636,241.981001,399.673864,610.602937
25.636364,26.025000,88.853223,181.728343,243.037724,403.045078,620.078321
25.939394,25.639015,86.221231,171.376720,223.994696,345.410227,470.684726
26.242424,24.858498,81.067345,152.376020,190.781632,259.056757,291.677036
26.545455,23.706989,73.850804,128.296088,151.716212,176.371286,161.126241
26.848485,22.218133,65.146301,102.614321,113.458991,110.832673,79.504077
27.151515,20.433548,55.545717,77.854143,79.584625,62.698097,29.116418
27.454545,18.400365,45.581112,55.424888,51.203687,28.062735,-3.065685
27.757576,16.168707,35.680736,35.868927,28.084015,3.016183,-24.518120
28.060606,13.789329,26.156051,19.198069,9.473614,-15.374133,-39.400784
28.363636,11.311576,17.210299,5.160768,-5.468309,-29.127466,-50.088376
28.666667,8.781784,8.958046,-6.590741,-17.495889,-39.603765,-57.990539
28.969697,6.242139,1.447625,-16.411680,-27.228281,-47.721325,-63.977986
29.272727,3.729989,-5.318308,-24.624761,-35.153670,-54.108142,-68.608612
29.575758,1.277548,-11.366118,-31.506683,-41.650049,-59.200839,-72.251731
29.878788,-1.088072,-16.738787,-37.287439,-47.008177,-63.308330,-75.158941
30.181818,-3.344608,-21.487232,-42.154981,-51.451632,-66.652925,-77.506000
30.484848,-5.474216,-25.664579,-46.261525,-55.152845,-69.397173,-79.418400
30.787879,-7.462966,-29.322578,-49.729795,-58.245410,-71.661656,-80.987462
31.090909,-9.300281,-32.509530,-52.658546,-60.833355,-73.536968,-82.280721
31.393939,-10.978397,-35.269194,-55.127179,-62.998067,-75.091912,-83.348807
31.696970,-12.491833,-37.640343,-57.199477,-64.803451,-76.379193,-84.230196
32.000000,-13.836920,-39.656690,-58.926584,-66.299778,-77.439424,-84.990262
